{
    "Repetition_1 | The Name instance": [
        [2, 5, 10, 25, 50, 100, 1000, 10000],
        [0.999991488613183, 0.999991488613183, 0.999991488613183, 0.7925349463357061, 0.4687646289460917, 0.35437159012565644, 0.14052299634861506, 0.0]
    ],
    "Repetition_2 | The Description instance": [
        [2, 5, 10, 25, 50, 100, 1000, 10000],
        [0.999994325742122, 0.999994325742122, 0.999994325742122, 0.999994325742122, 0.999994325742122, 0.999994325742122, 0.999994325742122, 0.999994325742122]
    ],
    "Repetition_4 | The Value instance": [
        [2, 5, 10, 25, 50, 100, 1000, 10000],
        [0.32745574788137394, 0.18403036862816305, 0.15231977847697245, 0.12500957531016912, 0.10247709727663994, 0.07590738476291532, 0.074176736110126, 0.074176736110126]
    ]
}