{
    "Repetition_1 | The Name instance": [
        [2, 5, 10, 25, 50, 100, 1000, 10000],
        [0.5, 0.2, 0.1, 0.0, 0.9989294950608386, 0.9967460889473014, 0.8653919531945563, 0.0]
    ],
    "Repetition_2 | The Description instance": [
        [2, 5, 10, 25, 50, 100, 1000, 10000],
        [1.0, 0.5, 1.0, 1.0, 1.0, 1.0, 1.0, 1.0]
    ],
    "Repetition_4 | The Value instance": [
        [2, 5, 10, 25, 50, 100, 1000, 10000],
        [0.3, 0.4, 0.8332344087845, 0.7419023190740662, 0.5, 0.5598528850638064, 0.23302030779666766, 0.0]
    ]
}